Team,Method of Qualification,FIFA Rank,Best World Cup Performance
Algeria,CAF Qualifier,36,Round of 16 (2014)
Argentina,CONMEBOL Qualifier,3,"Winner (1978, 1986, 2022)"
Australia,AFC Qualifier,27,"Round of 16 (2006, 2022)"
Austria,UEFA Qualifier,24,Third place (1954)
Belgium,UEFA Qualifier,9,Semi-finals (2018)
Bosnia and Herzegovina,UEFA Playoff,71,Group stage (2014)
Brazil,CONMEBOL Qualifier,6,"Winner (1958, 1962, 1970, 1994, 2002)"
Canada,Host,30,"Group stage (1986, 2022)"
Cape Verde,CAF Qualifier,70,First appearance
Colombia,CONMEBOL Qualifier,13,Quarter-finals (2014)
Croatia,UEFA Qualifier,11,Runner-up (2018)
Curacao,CONCACAF Qualifier,81,First appearance
Czechia,UEFA Playoff,41,"Runner-up as Czechoslovakia (1934, 1962)"
DR Congo,Inter-conf. Playoff,55,Group stage (1974 as Zaire)
Ecuador,CONMEBOL Qualifier,23,Round of 16 (2006)
Egypt,CAF Qualifier,33,"Group stage (1934, 1990, 2018)"
England,UEFA Qualifier,4,Winner (1966)
France,UEFA Qualifier,1,"Winner (1998, 2018)"
Germany,UEFA Qualifier,10,"Winner (1954, 1974, 1990, 2014)"
Ghana,CAF Qualifier,73,Quarter-finals (2010)
Haiti,CONCACAF Qualifier,79,Group stage (1974)
Iran,AFC Qualifier,21,"Group stage (1978, 1998, 2006, 2014, 2018, 2022)"
Iraq,Inter-conf. Playoff,56,Group stage (1986)
Ivory Coast,CAF Qualifier,39,"Group stage (2006, 2010, 2014)"
Japan,AFC Qualifier,18,"Round of 16 (2002, 2010, 2018, 2022)"
Jordan,AFC Qualifier,64,First appearance
Mexico,Host,15,"Quarter-finals (1970, 1986)"
Morocco,CAF Qualifier,8,Semi-finals (2022)
Netherlands,UEFA Qualifier,7,"Runner-up (1974, 1978, 2010)"
New Zealand,OFC Qualifier,88,"Group stage (1982, 2010)"
Norway,UEFA Qualifier,32,Round of 16 (1998)
Panama,CONCACAF Qualifier,51,Group stage (2018)
Paraguay,CONMEBOL Qualifier,38,Quarter-finals (2010)
Portugal,UEFA Qualifier,5,"Semi-finals (1966, 2006)"
Qatar,AFC Qualifier,53,Group stage (2022)
Saudi Arabia,AFC Qualifier,58,Round of 16 (1994)
Scotland,UEFA Qualifier,43,Group stage (first time since 1998)
Senegal,CAF Qualifier,14,Quarter-finals (2002)
South Africa,CAF Qualifier,60,"Group stage (1998, 2002, 2010)"
South Korea,AFC Qualifier,25,Semi-finals (2002)
Spain,UEFA Qualifier,2,Winner (2010)
Sweden,UEFA Playoff,37,Runner-up (1958)
Switzerland,UEFA Qualifier,19,"Quarter-finals (1934, 1938, 1954)"
Tunisia,CAF Qualifier,47,"Group stage (1978, 1998, 2002, 2006, 2022)"
Turkiye,UEFA Playoff,22,Third place (2002)
Uruguay,CONMEBOL Qualifier,17,"Winner (1930, 1950)"
USA,Host,16,Third place (1930)
Uzbekistan,AFC Qualifier,57,First appearance
``